[{"id":"TASK-001","content":"Yazı eklerken içerik kısmına yazı yazamama sorununu çöz","status":"completed","priority":"high"},{"id":"TASK-002","content":"Anketlerde herkesin istediğine oy verebilmesini sağla","status":"completed","priority":"medium"},{"id":"TASK-003","content":"Anket sonuçlarında yüzdelikleri her sonuç yanında göster","status":"completed","priority":"medium"},{"id":"TASK-004","content":"Admin için toplam oy sayısı görünümünü ayarla","status":"completed","priority":"medium"}]